"This software and accompanying CALeDNA kit is for research purposes only.  Under no circumstances shall the CALeDNA Program nor the University of California be held liable for direct, indirect, special, incidental or consequential loss or damages resulting from the use, misuse, or inability to use this software & kit.";"1. Plan and pack appropriately especially food, water, first aid kit, clothing. 2. Don’t hike at dawn or dusk 3. Make low level noise to avoid wild animals e.g. bears, rattle snakes. 4. Stay on paths until you get to a sampling site. 5. Be aware of dangers & how to avoid e.g. Giardia, poison oak, ticks. 6. Keep emergency numbers handy 7. Leave no trace.";"Enter the sampling date and time";"Where are you? ";"Where are you? /UC Natural Reserve";"Where are you? /Somewhere else";"Where are you? /Coachella Valley MSHCP site";"If at a UC Natural Reserve, select which one";"If at a CVMSHCP site, select which one ";"What is your kit number? (e.g. K0021)";"On your trip you'll choose a place to sample, and fill three tubes of soil from a foot apart from each other.";"Now walk to the location and choose your place to sample";"Which location letter is on your barcodes in your sample bag? LA, LB, or LC?";"Which location letter is on your barcodes in your sample bag? LA, LB, or LC?/LA";"Which location letter is on your barcodes in your sample bag? LA, LB, or LC?/LB";"Which location letter is on your barcodes in your sample bag? LA, LB, or LC?/LC";"Which site number is on your barcodes? S1 or S2?";"Which site number is on your barcodes? S1 or S2?/S1";"Which site number is on your barcodes? S1 or S2?/S2";"Get the GPS Location of this site (you may need to put your phone in airplane mode to make this more accurate)";"_Get the GPS Location of this site (you may need to put your phone in airplane mode to make this more accurate)_latitude";"_Get the GPS Location of this site (you may need to put your phone in airplane mode to make this more accurate)_longitude";"_Get the GPS Location of this site (you may need to put your phone in airplane mode to make this more accurate)_altitude";"_Get the GPS Location of this site (you may need to put your phone in airplane mode to make this more accurate)_precision";"Confirm that the barcodes on the tubes match the printed barcodes in the whirlpak and what you entered in this form.";"** PUT ON FRESH GLOVES BEFORE COLLECTING SAMPLES**";"Collect 3 samples (tubes R1, R2, R3) from where you're standing, screw lids on tight, and place in whirlpack.";"What type of substrate did you sample? Soil or Sediment.";"(optional) Describe the habitat you are sampling from";"(optional) What depth are your samples from?";"(optional) Choose from common environmental features to describe where you sampled from. ";"(optional) Choose from common environmental features to describe where you sampled from. /Enclosed water";"(optional) Choose from common environmental features to describe where you sampled from. /Estuary (partially enclosed)";"(optional) Choose from common environmental features to describe where you sampled from. /Open water";"(optional) Choose from common environmental features to describe where you sampled from. /Reef";"(optional) Choose from common environmental features to describe where you sampled from. /Elevated ridge";"(optional) Choose from common environmental features to describe where you sampled from. /Slope/slant";"(optional) Choose from common environmental features to describe where you sampled from. /Basin/wash";"(optional) Choose from common environmental features to describe where you sampled from. /Rock mound";"(optional) Choose from common environmental features to describe where you sampled from. /Pit or ravine";"(optional) Choose from common environmental features to describe where you sampled from. /Flat land/terrace";"(optional) Choose from common environmental features to describe where you sampled from. /Rocky shore";"(optional) Choose from common environmental features to describe where you sampled from. /Beach";"(optional) Choose from common environmental features to describe where you sampled from. /Kelp forest";"(optional) Choose from common environmental features to describe where you sampled from. /Other";"If other, describe the environmental feature";"Describe the environmental setting by making selections from this list.";"Describe the environmental setting by making selections from this list./On roadside";"Describe the environmental setting by making selections from this list./On trail";"Describe the environmental setting by making selections from this list./Near (<5m) road or trail";"Describe the environmental setting by making selections from this list./Near (<5m) buildings";"Describe the environmental setting by making selections from this list./On farm";"Describe the environmental setting by making selections from this list./On garden";"Describe the environmental setting by making selections from this list./On manmade landscape";"Describe the environmental setting by making selections from this list./Near (<2m) stagnant water";"Describe the environmental setting by making selections from this list./Near (<2m) moving water";"**If you have meters, you may collect substrate measurements. *If not, you may skip this section.**";"Take out the soil meter (with long probe): Remove white cap, place the bottom 2 inches into the soil & record:";"Temperature (Celsius)";"pH";"Moisture";"Light";"Take out purple meter: Remove cap, turn on, and place the bottom 3/4 inch into the water. Swirl gently to remove bubbles :";"Temperature (Celsius)";"Total Dissolved Solids (TDS)";"Press SHIFT to switch between PPS and Electrical Conductivity (EC). Record EC";"Take out yellow meter: Remove cap, turn on, and place bottom ¾ into water.";"Record pH";"(*Optional*) Take a photo of the environment you sampled";"(*Optional*) Regarding this site you just visited, do you have any comments or concerns to share with us?";"Thank you for collecting for CALeDNA!";"You can SUBMIT now or save as draft, then reload the form by pressing the number in the upper left corner of the form when connected to wifi, and then scroll to the bottom, uncheck 'save as draft' and press the SUBMIT button. Make sure the data are submitted by checking that the upper left number says 0 and no more unsubmitted forms are saved.";"_id";"_uuid";"_submission_time";"_validation_status";"_index"
"";"OK";"2018-10-24T04:45:00.000-07:00";"Somewhere else";"0";"1";"0";"";"";"K0479";"";"";"LC";"0";"0";"1";"S1";"1";"0";"34 -118 0 19";"34";"-118";"0";"19";"OK";"";"";"Soil";"Terrestrial habitat, not submerged";"Top layer (top 3cm) soil or sediment";"Elevated ridge Slope/slant";"0";"0";"0";"0";"1";"1";"0";"0";"0";"0";"0";"0";"0";"0";"";"Near (<5m) road or trail";"0";"0";"1";"0";"0";"0";"0";"0";"0";"";"";"";"";"";"";"";"";"";"";"";"";"";"";"";"";"16759637";"b9e50660-d4e2-4028-85a2-feafb69f3724";"2018-10-24T23:34:46";"";"1"
"";"OK";"2018-10-10T17:30:00.000-07:00";"Somewhere else";"0";"1";"0";"";"";"K0000_made up";"";"";"LA";"1";"0";"0";"S2";"0";"1";"30.475358 -97.699431 0.2 0.5";"30.475358";"-97.699431";"0.2";"0.5";"OK";"";"";"Sediment";"Rarely submerged or wetland or arroyo";"Submerged 30-60cm";"Beach";"0";"0";"0";"0";"0";"0";"0";"0";"0";"0";"0";"1";"0";"0";"";"On trail";"0";"1";"0";"0";"0";"0";"0";"0";"0";"";"";"";"";"";"";"";"99";"";"";"";"";"";"I made everything up! Please erase";"";"";"16036693";"46805407-78aa-4359-8a67-399f9e9d27e6";"2018-10-10T00:45:17";"";"2"
"";"OK";"2018-10-09T06:00:00.000-07:00";"Somewhere else";"0";"1";"0";"";"";"K0000";"";"";"LA";"1";"0";"0";"S1";"1";"0";"34.026656 -118.397384 28.88972282409668 65";"34.026656";"-118.397384";"28.88972282409668";"65";"OK";"";"";"Soil";"Terrestrial habitat, not submerged";"Top layer (top 3cm) soil or sediment";"Enclosed water";"1";"0";"0";"0";"0";"0";"0";"0";"0";"0";"0";"0";"0";"0";"";"On roadside";"1";"0";"0";"0";"0";"0";"0";"0";"0";"";"";"";"";"";"";"";"";"";"";"";"";"image-17_54_0.jpg";"";"";"";"16036719";"6631793f-2c30-483b-9d62-ddb21fcbceb3";"2018-10-10T00:54:32";"";"3"
"";"OK";"2018-10-10T04:08:00.000-07:00";"Somewhere else";"0";"1";"0";"";"";"K0489";"";"";"LB";"0";"1";"0";"S1";"1";"0";"34.074153 -118.454337 178.33189392089844 10";"34.074153";"-118.454337";"178.33189392089844";"10";"OK";"";"";"Soil";"Terrestrial habitat, not submerged";"Top layer (top 3cm) soil or sediment";"Slope/slant";"0";"0";"0";"0";"0";"1";"0";"0";"0";"0";"0";"0";"0";"0";"";"Near (<5m) road or trail";"0";"0";"1";"0";"0";"0";"0";"0";"0";"";"";"";"";"";"";"";"";"";"";"";"";"image-16_17_15.jpg";"";"";"";"16088267";"9bf11ff6-85ad-482c-8ae1-ad28779afe95";"2018-10-10T23:19:30";"";"4"
"";"OK";"2018-10-10T04:16:00.000-07:00";"Somewhere else";"0";"1";"0";"";"";"K0484";"";"";"LA";"1";"0";"0";"S2";"0";"1";"34.074058 -118.454368 159.50971457784172 8";"34.074058";"-118.454368";"159.50971457784172";"8";"OK";"";"";"Soil";"Terrestrial habitat, not submerged";"Top layer (top 3cm) soil or sediment";"Slope/slant";"0";"0";"0";"0";"0";"1";"0";"0";"0";"0";"0";"0";"0";"0";"";"Near (<5m) road or trail";"0";"0";"1";"0";"0";"0";"0";"0";"0";"";"";"21";"";"Dry";"Low+";"";"";"";"";"";"";"image-16_24_43.jpg";"";"";"";"16088305";"250c5721-05d8-4f85-8db0-b3c49ea980c3";"2018-10-10T23:25:12";"";"5"
"";"OK";"2018-10-10T04:15:00.000-07:00";"Somewhere else";"0";"1";"0";"";"";"K0487";"";"";"LB";"0";"1";"0";"S2";"0";"1";"34.074166 -118.454523 158.47837829589844 10";"34.074166";"-118.454523";"158.47837829589844";"10";"OK";"";"";"Soil";"Terrestrial habitat, not submerged";"Top layer (top 3cm) soil or sediment";"Slope/slant";"0";"0";"0";"0";"0";"1";"0";"0";"0";"0";"0";"0";"0";"0";"";"Near (<5m) road or trail";"0";"0";"1";"0";"0";"0";"0";"0";"0";"";"";"";"";"";"Nor";"";"";"";"";"";"";"image-16_18_27.jpg";"Group member: Yixiao Hu, Ricky Ma. The sample site is near a tree and a brush, pretty dry around, under a layer of leaves.";"";"";"16088298";"3b63bfe6-ed5b-422c-8a3d-5b5cccb69d70";"2018-10-10T23:22:15";"";"6"
"";"OK";"2018-10-10T04:30:00.000-07:00";"Somewhere else";"0";"1";"0";"";"";"K0489";"";"";"LC";"0";"0";"1";"S1";"1";"0";"34.07409 -118.45442 164.34410095214844 10";"34.07409";"-118.45442";"164.34410095214844";"10";"OK";"";"";"Soil";"Terrestrial habitat, not submerged";"Top layer (top 3cm) soil or sediment";"Slope/slant";"0";"0";"0";"0";"0";"1";"0";"0";"0";"0";"0";"0";"0";"0";"";"Near (<5m) road or trail";"0";"0";"1";"0";"0";"0";"0";"0";"0";"";"";"";"";"";"";"";"";"";"";"";"";"image-16_30_4.jpg";"";"";"";"16088375";"ddd84690-9113-4776-8620-9f2b1c48ffed";"2018-10-10T23:30:33";"";"7"
"";"OK";"2018-10-10T04:30:00.000-07:00";"Somewhere else";"0";"1";"0";"";"";"K0488";"";"";"LA";"1";"0";"0";"S2";"0";"1";"34.075365 -118.45054 0 0";"34.075365";"-118.45054";"0";"0";"OK";"";"";"Soil";"";"";"";"";"";"";"";"";"";"";"";"";"";"";"";"";"";"";"On trail";"0";"1";"0";"0";"0";"0";"0";"0";"0";"";"";"";"";"";"";"";"";"";"";"";"";"";"";"";"";"16088430";"db9fb559-776b-4a3c-a157-08802f671070";"2018-10-10T23:36:15";"";"8"
"";"OK";"2018-10-10T04:15:00.000-07:00";"Somewhere else";"0";"1";"0";"";"";"KO488";"";"";"LA";"1";"0";"0";"S2";"0";"1";"34.07326 -118.454347 151.99998474121094 65";"34.07326";"-118.454347";"151.99998474121094";"65";"OK";"";"";"Soil";"Terrestrial habitat, not submerged";"Top layer (top 3cm) soil or sediment";"Other";"0";"0";"0";"0";"0";"0";"0";"0";"0";"0";"0";"0";"0";"1";"from under tree";"Near (<5m) road or trail";"0";"0";"1";"0";"0";"0";"0";"0";"0";"";"";"";"";"Nor";"Low+";"";"";"";"";"";"";"image-16_24_36.jpg";"samhita mallavarapu and kavya krishnan";"";"";"16088498";"1deb134b-db51-4169-9a5a-281990040a9c";"2018-10-10T23:49:40";"";"9"
"";"OK";"2018-10-10T04:30:00.000-07:00";"";"";"";"";"";"";"K0488";"";"";"LB";"0";"1";"0";"S1";"1";"0";"34.075365 -118.455054 0 0";"34.075365";"-118.455054";"0";"0";"OK";"";"";"Soil";"";"";"";"";"";"";"";"";"";"";"";"";"";"";"";"";"";"";"On trail";"0";"1";"0";"0";"0";"0";"0";"0";"0";"";"";"";"";"";"";"";"";"";"";"";"";"";"";"";"";"16088884";"e5a84ca7-c2db-4bc1-9f01-0557ab380a52";"2018-10-11T00:14:42";"";"10"
"";"OK";"2018-10-10T04:45:00.000-07:00";"Somewhere else";"0";"1";"0";"";"";"K0488";"";"";"LC";"0";"0";"1";"S2";"0";"1";"34.075365 -118.455054 0 0";"34.075365";"-118.455054";"0";"0";"OK";"";"";"Soil";"";"";"";"";"";"";"";"";"";"";"";"";"";"";"";"";"";"";"On trail";"0";"1";"0";"0";"0";"0";"0";"0";"0";"";"";"";"";"";"";"";"";"";"";"";"";"";"";"";"";"16088920";"8447d222-e34d-4edc-aa44-fd1e09b9721d";"2018-10-11T00:18:26";"";"11"
"";"OK";"2018-10-14T04:00:00.000-07:00";"UC Natural Reserve Somewhere else";"1";"1";"0";"";"";"K0483";"";"";"LA";"1";"0";"0";"S1";"1";"0";"34.065254 -118.441321 129.40660573643441 48.00000000000001";"34.065254";"-118.441321";"129.40660573643441";"48.00000000000001";"OK";"";"";"Soil";"Frequently submerged or intertidal or marsh";"Top layer (top 3cm) soil or sediment";"Open water Slope/slant";"0";"0";"1";"0";"0";"1";"0";"0";"0";"0";"0";"0";"0";"0";"";"Near (<5m) road or trail On manmade landscape Near (<2m) stagnant water";"0";"0";"1";"0";"0";"0";"1";"1";"0";"";"";"21";"";"Wet";"Low+";"";"";"";"";"";"";"image-16_4_14.jpg";"";"";"";"16251239";"5676af92-ffbb-4282-abee-8de1d1bb3e06";"2018-10-14T23:04:52";"";"12"
"";"";"2018-10-14T04:15:00.000-07:00";"Somewhere else";"0";"1";"0";"";"";"K0486";"";"";"LA";"1";"0";"0";"S1";"1";"0";"34.06484 -118.44083 105.05797576904297 65";"34.06484";"-118.44083";"105.05797576904297";"65";"OK";"";"";"Soil";"Terrestrial habitat, not submerged";"Top layer (top 3cm) soil or sediment";"";"";"";"";"";"";"";"";"";"";"";"";"";"";"";"";"On garden";"0";"0";"0";"0";"0";"1";"0";"0";"0";"";"";"22";"";"Wet";"Nor-";"";"";"";"";"";"";"";"";"";"";"16251312";"d0c1015a-c7f7-4e53-9917-cdc792f6006d";"2018-10-14T23:18:38";"";"13"
"";"OK";"2018-10-14T04:22:00.000-07:00";"Somewhere else";"0";"1";"0";"";"";"k0489 lb s2";"";"";"LA LB";"1";"1";"0";"S2";"0";"1";"34.065054 -118.441196 99.33903503417969 10";"34.065054";"-118.441196";"99.33903503417969";"10";"OK";"";"";"Sediment";"Fully submerged ";"Top layer (top 3cm) soil or sediment";"Enclosed water";"1";"0";"0";"0";"0";"0";"0";"0";"0";"0";"0";"0";"0";"0";"";"Near (<5m) road or trail";"0";"0";"1";"0";"0";"0";"0";"0";"0";"";"";"";"";"";"";"";"22";"";"";"";"";"image-16_26_59.jpg";"";"";"";"16251358";"e3c4db4a-0da3-429b-930d-497e10cc977a";"2018-10-14T23:27:20";"";"14"
"";"OK";"";"Somewhere else";"0";"1";"0";"";"";"K0486";"";"";"LC";"0";"0";"1";"S2";"0";"1";"34.06572 -118.441174 108.07298278808594 10";"34.06572";"-118.441174";"108.07298278808594";"10";"OK";"";"";"Soil";"Terrestrial habitat, not submerged";"Top layer (top 3cm) soil or sediment";"Slope/slant";"0";"0";"0";"0";"0";"1";"0";"0";"0";"0";"0";"0";"0";"0";"";"Near (<5m) road or trail";"0";"0";"1";"0";"0";"0";"0";"0";"0";"";"";"22";"";"Nor";"Nor-";"";"";"";"";"";"";"image-16_32_17.jpg";"";"";"";"16251373";"ec1f7827-438e-48f1-9780-fe794e83184c";"2018-10-14T23:32:42";"";"15"
"";"OK";"2018-10-14T16:45:00.000-07:00";"Somewhere else";"0";"1";"0";"";"";"K0312";"";"";"LC";"0";"0";"1";"S2";"0";"1";"34.065774 -118.439968 102.2 33.6150016784668";"34.065774";"-118.439968";"102.2";"33.6150016784668";"OK";"";"";"Soil";"Terrestrial habitat, not submerged";"Top layer (top 3cm) soil or sediment";"";"";"";"";"";"";"";"";"";"";"";"";"";"";"";"";"Near (<5m) road or trail On garden";"0";"0";"1";"0";"0";"1";"0";"0";"0";"";"";"22";"";"";"";"";"";"";"";"";"";"IMG_20181014_163527-16_36_36.jpg";"";"";"";"16251389";"762ba39e-7c33-44cd-8fe9-dab370bca432";"2018-10-14T23:38:17";"";"16"
"";"OK";"2018-10-14T04:45:00.000-07:00";"Somewhere else";"0";"1";"0";"";"";"K0486";"";"";"LB";"0";"1";"0";"S2";"0";"1";"34.065902 -118.440739 112.10624694824219 10";"34.065902";"-118.440739";"112.10624694824219";"10";"OK";"";"";"Soil";"Terrestrial habitat, not submerged";"Top layer (top 3cm) soil or sediment";"Slope/slant";"0";"0";"0";"0";"0";"1";"0";"0";"0";"0";"0";"0";"0";"0";"";"On trail On garden";"0";"1";"0";"0";"0";"1";"0";"0";"0";"";"";"";"";"Wet";"Hgh-";"";"";"";"";"";"";"image-16_40_14.jpg";"";"";"";"16253823";"b3f7f24d-6774-4ffa-a4f8-2190548faf77";"2018-10-15T04:51:57";"";"17"
"";"OK";"2018-10-17T16:15:00.000-07:00";"Somewhere else";"0";"1";"0";"";"";"K0483";"";"";"LC";"0";"0";"1";"S1";"1";"0";"34.065477 -118.440842 108.50462341308594 10";"34.065477";"-118.440842";"108.50462341308594";"10";"OK";"";"";"Soil";"Terrestrial habitat, not submerged";"Top layer (top 3cm) soil or sediment";"Slope/slant";"0";"0";"0";"0";"0";"1";"0";"0";"0";"0";"0";"0";"0";"0";"";"On manmade landscape";"0";"0";"0";"0";"0";"0";"1";"0";"0";"";"";"";"";"";"";"";"";"";"";"";"";"D32F42A3-1EAE-4243-9926-B2906500A654-16_7_51.jpeg";"";"";"";"16423435";"c56746dd-49ef-4e30-a48c-766f051e8f9b";"2018-10-17T23:09:26";"";"18"
"";"OK";"2018-10-17T16:12:00.000-07:00";"Somewhere else";"0";"1";"0";"";"";"K0480";"";"";"LB";"0";"1";"0";"S2";"0";"1";"34.065 -118.442 340 8";"34.065";"-118.442";"340";"8";"OK";"";"";"Soil";"Terrestrial habitat, not submerged";"Top layer (top 3cm) soil or sediment";"Slope/slant";"0";"0";"0";"0";"0";"1";"0";"0";"0";"0";"0";"0";"0";"0";"";"Near (<5m) road or trail";"0";"0";"1";"0";"0";"0";"0";"0";"0";"";"";"";"";"";"";"";"";"";"";"";"";"263CFF93-94FC-4B7A-B5D4-F2B99F43708F-16_20_2.jpeg";"Vani Fatimah, Claire Villegas, Jaden King, Gina Maglanoc";"";"";"16423561";"52eb43a4-f3a9-4f99-a8f3-1642eaab0585";"2018-10-17T23:22:55";"";"19"
"";"OK";"2018-10-17T14:53:00.000-07:00";"Somewhere else";"0";"1";"0";"";"";"K0480";"";"";"LA";"1";"0";"0";"S2";"0";"1";"34.066 -118.441 370 12";"34.066";"-118.441";"370";"12";"OK";"";"";"Soil";"Terrestrial habitat, not submerged";"Top layer (top 3cm) soil or sediment";"Flat land/terrace";"0";"0";"0";"0";"0";"0";"0";"0";"0";"1";"0";"0";"0";"0";"";"Near (<5m) road or trail";"0";"0";"1";"0";"0";"0";"0";"0";"0";"";"";"";"";"";"";"";"";"";"";"";"";"6A425DD0-0F7E-4941-A217-C4EEDEBA8DA9-16_13_16.jpeg";"Claire Villegas, Jaden King, Gina Maglanoc, Vani Fatimah";"";"";"16423481";"a61a3057-0f82-45e1-b174-2522d5247f19";"2018-10-17T23:16:02";"";"20"
"";"OK";"2018-10-17T15:45:00.000-07:00";"Somewhere else";"0";"1";"0";"";"";"K0487";"";"";"LA";"1";"0";"0";"S2";"0";"1";"34.066683 -118.441443 117.09320831298828 65";"34.066683";"-118.441443";"117.09320831298828";"65";"OK";"";"";"Soil";"Terrestrial habitat, not submerged";"Top layer (top 3cm) soil or sediment";"Slope/slant Flat land/terrace";"0";"0";"0";"0";"0";"1";"0";"0";"0";"1";"0";"0";"0";"0";"";"Near (<5m) road or trail On manmade landscape";"0";"0";"1";"0";"0";"0";"1";"0";"0";"";"";"";"";"";"";"";"";"";"";"";"";"image-15_52_14.jpg";"Aria Soeprono, Julianna Filice, James Brown, Ananta Wadhwa";"";"";"16423260";"5f98128c-1295-475b-b52e-4d6e83baec73";"2018-10-17T22:55:15";"";"21"
"";"";"2018-10-17T16:00:00.000-07:00";"Somewhere else";"0";"1";"0";"";"";"K0481";"";"";"LC";"0";"0";"1";"S2";"0";"1";"34.066359 -118.440991 110.90959167480469 10";"34.066359";"-118.440991";"110.90959167480469";"10";"OK";"";"";"Sediment";"Frequently submerged or intertidal or marsh";"Top layer (top 3cm) soil or sediment";"Enclosed water";"1";"0";"0";"0";"0";"0";"0";"0";"0";"0";"0";"0";"0";"0";"";"On manmade landscape";"0";"0";"0";"0";"0";"0";"1";"0";"0";"";"";"";"";"";"";"";"";"";"";"";"";"CA0A9B5E-8769-4D70-9328-49369BD6C778-15_56_3.jpeg";"We dropped the cap of the tube into the stream";"";"";"16423268";"cd1b1f1c-38a2-488c-948e-d8591a69c719";"2018-10-17T22:56:53";"";"22"
"";"OK";"2018-10-17T15:47:00.000-07:00";"Somewhere else";"0";"1";"0";"";"";"K0493";"";"";"LA";"1";"0";"0";"S1";"1";"0";"34.065003 -118.441259 107.54472351074219 10";"34.065003";"-118.441259";"107.54472351074219";"10";"OK";"";"";"Soil";"Terrestrial habitat, not submerged";"Top layer (top 3cm) soil or sediment";"Elevated ridge";"0";"0";"0";"0";"1";"0";"0";"0";"0";"0";"0";"0";"0";"0";"";"Near (<5m) road or trail";"0";"0";"1";"0";"0";"0";"0";"0";"0";"";"";"24";"";"Wet";"Low";"";"";"";"";"";"";"image-15_58_40.jpg";"";"";"";"16423316";"9051e1f7-7a32-43bb-8a9f-5a4005bf5d64";"2018-10-17T22:59:50";"";"23"
"";"OK";"2000-10-17T15:55:00.000-07:00";"Somewhere else";"0";"1";"0";"";"";"K00484";"";"";"LC";"0";"0";"1";"S2";"0";"1";"34.064 -118.441 0 0";"34.064";"-118.441";"0";"0";"OK";"";"";"Soil";"Terrestrial habitat, not submerged";"Top layer (top 3cm) soil or sediment";"Slope/slant";"0";"0";"0";"0";"0";"1";"0";"0";"0";"0";"0";"0";"0";"0";"";"Near (<5m) road or trail";"0";"0";"1";"0";"0";"0";"0";"0";"0";"";"";"";"";"";"";"";"";"";"";"";"";"8F562D0F-0B62-48F7-B549-1C5E82A5A117-16_4_8.jpeg";"Karen Campos, Guadalupe Munoz Zaragoza, Mariana Arino,  Aurbal Popal";"";"";"16423373";"d4673eee-056f-47a6-b087-d648b7bce559";"2018-10-17T23:05:22";"";"24"
"";"OK";"2018-10-17T16:00:00.000-07:00";"Somewhere else";"0";"1";"0";"";"";"K0487";"";"";"LB";"0";"1";"0";"S1";"1";"0";"34.065529 -118.441077 108.45359802246094 30";"34.065529";"-118.441077";"108.45359802246094";"30";"OK";"";"";"Sediment";"Frequently submerged or intertidal or marsh";"Top layer (top 3cm) soil or sediment";"Enclosed water";"1";"0";"0";"0";"0";"0";"0";"0";"0";"0";"0";"0";"0";"0";"";"On manmade landscape Near (<2m) stagnant water";"0";"0";"0";"0";"0";"0";"1";"1";"0";"";"";"";"";"";"";"";"";"";"";"";"";"B2D304BC-25E5-47D3-A233-E14F283541FD-16_12_26.jpeg";"James Brown, Ananta Wadhwa, Aria Soeprono, Julianna Filice";"";"";"16423522";"6268c561-fd62-4cec-9107-a7acea583a16";"2018-10-17T23:17:42";"";"25"
"";"OK";"2018-10-17T16:25:00.000-07:00";"Somewhere else";"0";"1";"0";"";"";"K00484";"";"";"LC";"0";"0";"1";"S1";"1";"0";"34.067 -118.441 0 0";"34.067";"-118.441";"0";"0";"OK";"";"";"Sediment";"Frequently submerged or intertidal or marsh";"Top layer (top 3cm) soil or sediment";"Basin/wash";"0";"0";"0";"0";"0";"0";"1";"0";"0";"0";"0";"0";"0";"0";"";"Near (<2m) moving water";"0";"0";"0";"0";"0";"0";"0";"0";"1";"";"";"";"";"";"";"";"";"";"";"";"";"image-16_28_25.jpg";"Karen Campos, Guadalupe Munoz Zaragoza, Mariana Arino,  Aurbal Popal";"";"";"16423659";"4f1e4dcd-1473-4dbb-acf8-1dba8225cb26";"2018-10-17T23:33:35";"";"26"
"";"OK";"2018-10-21T10:15:00.000-07:00";"Somewhere else";"0";"1";"0";"";"";"K0480";"";"";"LB";"0";"1";"0";"S1";"1";"0";"34.074849 -118.455749 131.88999938964844 45.77995096780542";"34.074849";"-118.455749";"131.88999938964844";"45.77995096780542";"OK";"";"";"Soil";"Terrestrial habitat, not submerged";"Top layer (top 3cm) soil or sediment";"Flat land/terrace";"0";"0";"0";"0";"0";"0";"0";"0";"0";"1";"0";"0";"0";"0";"";"On trail";"0";"1";"0";"0";"0";"0";"0";"0";"0";"";"";"23";"";"Dry";"";"";"";"";"";"";"";"";"";"";"";"16585409";"56f20416-1411-4e6b-bd52-17dd6eba1398";"2018-10-21T17:26:06";"";"27"
"";"OK";"2018-10-21T09:58:00.000-07:00";"Somewhere else";"0";"1";"0";"";"";"K0457";"";"";"LC";"0";"0";"1";"S1";"1";"0";"34.074408 -118.455004 152.0596160888672 10";"34.074408";"-118.455004";"152.0596160888672";"10";"OK";"";"";"Soil";"Terrestrial habitat, not submerged";"Top layer (top 3cm) soil or sediment";"Flat land/terrace";"0";"0";"0";"0";"0";"0";"0";"0";"0";"1";"0";"0";"0";"0";"";"Near (<5m) road or trail";"0";"0";"1";"0";"0";"0";"0";"0";"0";"";"";"23";"";"";"";"";"";"";"";"";"";"B0EA4F27-32FD-4DF9-B17D-D88F2798389D-10_6_55.jpeg";"Sage Hill, Chuzhi Zhuang, Amy Stone, Juan Miguel Malana, Karsyn Garrison";"";"";"16585419";"292b7f1b-c475-45ea-87ba-245fc647a390";"2018-10-21T17:26:18";"";"28"
"";"OK";"2018-10-21T10:00:00.000-07:00";"Somewhere else";"0";"1";"0";"";"";"K0480";"";"";"LA";"1";"0";"0";"S1";"1";"0";"34 -118 0 0";"34";"-118";"0";"0";"OK";"";"";"Soil";"Terrestrial habitat, not submerged";"Top layer (top 3cm) soil or sediment";"Flat land/terrace";"0";"0";"0";"0";"0";"0";"0";"0";"0";"1";"0";"0";"0";"0";"";"Near (<5m) road or trail";"0";"0";"1";"0";"0";"0";"0";"0";"0";"";"";"";"";"";"";"";"";"";"";"";"";"";"";"";"";"16584845";"ee78f18f-b107-429e-a398-7d4188cf560b";"2018-10-21T16:55:47";"";"29"
"";"OK";"2018-10-21T09:52:00.000-07:00";"Somewhere else";"0";"1";"0";"";"";"K0485";"";"";"LA";"1";"0";"0";"S2";"0";"1";"34.074179 -118.45448 164.0466766357422 10";"34.074179";"-118.45448";"164.0466766357422";"10";"OK";"";"";"Soil";"Terrestrial habitat, not submerged";"Top layer (top 3cm) soil or sediment";"Slope/slant";"0";"0";"0";"0";"0";"1";"0";"0";"0";"0";"0";"0";"0";"0";"";"Near (<5m) road or trail";"0";"0";"1";"0";"0";"0";"0";"0";"0";"";"";"22";"";"Dry";"Low";"";"";"";"";"";"";"";"Bryce Barbee, Trevor Wells, Taylor Kang, Isabel Bellon";"";"";"16584873";"ad84d8ce-1703-4f5a-86e3-5c2b068bcb89";"2018-10-21T16:57:37";"";"30"
"";"OK";"2018-10-21T09:55:00.000-07:00";"";"";"";"";"";"";"K0491";"";"";"LA";"1";"0";"0";"S2";"0";"1";"34.07449 -118.455468 150.4857177734375 65";"34.07449";"-118.455468";"150.4857177734375";"65";"OK";"";"";"Soil";"Terrestrial habitat, not submerged";"Top layer (top 3cm) soil or sediment";"Slope/slant Rock mound Flat land/terrace";"0";"0";"0";"0";"0";"1";"0";"1";"0";"1";"0";"0";"0";"0";"";"On trail On manmade landscape";"0";"1";"0";"0";"0";"0";"1";"0";"0";"";"";"";"";"";"";"";"";"";"";"";"";"9B3D02B7-CB42-46EA-A71E-4A0E5AD5B2C7-10_0_38.jpeg";"";"";"";"16585007";"a4f0dd1a-2189-4fb6-b80b-12e962e4f0fc";"2018-10-21T17:05:42";"";"31"
"";"OK";"2018-10-21T10:15:00.000-07:00";"Somewhere else";"0";"1";"0";"";"";"k0485";"";"";"LC";"0";"0";"1";"S1";"1";"0";"34.073331 -118.454372 153.88648986816406 65";"34.073331";"-118.454372";"153.88648986816406";"65";"OK";"";"";"Soil";"Terrestrial habitat, not submerged";"Below top 3cm soil or sediment";"Elevated ridge";"0";"0";"0";"0";"1";"0";"0";"0";"0";"0";"0";"0";"0";"0";"";"Near (<5m) buildings";"0";"0";"0";"1";"0";"0";"0";"0";"0";"";"";"22";"";"Dry";"Low";"";"";"";"";"";"";"";"taylor kang, isabell bellon, bryce barbee, trevor wells";"";"";"16585301";"dab9bb1d-28b3-48e2-91e7-83c66ae810c6";"2018-10-21T17:20:36";"";"32"
"";"OK";"2018-10-21T10:30:00.000-07:00";"Somewhere else";"0";"1";"0";"";"";"K0458";"";"";"LC";"0";"0";"1";"S1";"1";"0";"34.073567 -118.454453 155.2037811279297 10";"34.073567";"-118.454453";"155.2037811279297";"10";"OK";"";"";"Soil";"Terrestrial habitat, not submerged";"Top layer (top 3cm) soil or sediment";"Flat land/terrace";"0";"0";"0";"0";"0";"0";"0";"0";"0";"1";"0";"0";"0";"0";"";"Near (<5m) road or trail";"0";"0";"1";"0";"0";"0";"0";"0";"0";"";"";"23";"";"";"";"";"";"";"";"";"";"image-10_28_4.jpg";"Sage Hill, Chuzhi Zhuang, Amy Stone, Juan Miguel Malana, Karsyn Garrison";"";"";"16586420";"c696f45d-a1fe-4753-b7b1-7e810086edcb";"2018-10-21T18:19:10";"";"33"
"";"OK";"2018-10-17T16:31:00.000-07:00";"Somewhere else";"0";"1";"0";"";"";"K0480";"";"";"LC";"0";"0";"1";"S1";"1";"0";"34.067 -118.441 115.824 64";"34.067";"-118.441";"115.824";"64";"OK";"";"";"Sediment";"Frequently submerged or intertidal or marsh";"Top layer (top 3cm) soil or sediment";"Enclosed water";"1";"0";"0";"0";"0";"0";"0";"0";"0";"0";"0";"0";"0";"0";"";"Near (<5m) road or trail";"0";"0";"1";"0";"0";"0";"0";"0";"0";"";"";"";"";"";"";"";"";"";"";"";"";"26D6CE86-2DCD-4DE8-A12A-2A2ED6B73861-16_41_53.jpeg";"Vani Fatimah, Claire Villegas, Jaden King, Gina Maglanoc";"";"";"16758557";"d20802c3-4b4c-4167-8236-e38666b0d4ee";"2018-10-24T22:35:00";"";"34"
"";"OK";"2018-10-24T04:32:00.000-07:00";"Somewhere else";"0";"1";"0";"";"";"K0482";"";"";"LB";"0";"1";"0";"S1";"1";"0";"34.098579 -118.473123 369.1775360107422 5";"34.098579";"-118.473123";"369.1775360107422";"5";"OK";"";"";"Soil";"Terrestrial habitat, not submerged";"Top layer (top 3cm) soil or sediment";"Slope/slant";"0";"0";"0";"0";"0";"1";"0";"0";"0";"0";"0";"0";"0";"0";"";"On trail";"0";"1";"0";"0";"0";"0";"0";"0";"0";"";"";"";"";"Dry+";"Nor-";"";"";"";"";"";"";"image-16_38_30.jpg";"";"";"";"16759694";"24a607d4-33de-404b-b611-0ab1e20a76ea";"2018-10-24T23:41:10";"";"35"
"";"OK";"2018-10-24T16:30:00.000-07:00";"Somewhere else";"0";"1";"0";"";"";"K0312";"";"";"LA";"1";"0";"0";"S2";"0";"1";"34.097199 -118.471698 350.0614901600231 8";"34.097199";"-118.471698";"350.0614901600231";"8";"OK";"";"";"Soil";"Terrestrial habitat, not submerged";"Top layer (top 3cm) soil or sediment";"Elevated ridge";"0";"0";"0";"0";"1";"0";"0";"0";"0";"0";"0";"0";"0";"0";"";"Near (<5m) road or trail";"0";"0";"1";"0";"0";"0";"0";"0";"0";"";"";"22";"";"Dry";"Nor";"";"";"";"";"";"";"73069572-8C43-454E-B8F0-55BA91822A52-16_41_44.jpeg";"";"";"";"16759700";"e293bc0a-9412-44b8-b0ec-8d9c85064854";"2018-10-24T23:42:17";"";"36"
"";"OK";"2018-10-10T04:45:00.000-07:00";"Somewhere else";"0";"1";"0";"";"";"KO048";"";"";"LB";"0";"1";"0";"S2";"0";"1";"34.073654 -118.454735 151.1893768310547 10";"34.073654";"-118.454735";"151.1893768310547";"10";"OK";"";"";"Soil";"Terrestrial habitat, not submerged";"Top layer (top 3cm) soil or sediment";"Other";"0";"0";"0";"0";"0";"0";"0";"0";"0";"0";"0";"0";"0";"1";"forest";"Near (<5m) road or trail";"0";"0";"1";"0";"0";"0";"0";"0";"0";"";"";"";"";"Nor";"Low";"";"";"";"";"";"";"image-16_48_44.jpg";"samhita mallavarapu and kavya krishnan";"";"";"17271144";"4346bd4b-23db-43bd-9cff-8a080b39bedc";"2018-11-04T21:00:03";"";"37"
"";"OK";"2018-11-04T13:00:00.000-08:00";"UC Natural Reserve";"1";"0";"0";"Carpinteria Salt Marsh Reserve";"";"K0495";"";"";"LC";"0";"0";"1";"S1";"1";"0";"34.403287 -119.533239 1.503961205482483 84.44744858491272";"34.403287";"-119.533239";"1.503961205482483";"84.44744858491272";"OK";"";"";"Sediment";"Frequently submerged or intertidal or marsh";"Top layer (top 3cm) soil or sediment";"Open water Other";"0";"0";"1";"0";"0";"0";"0";"0";"0";"0";"0";"0";"0";"1";"Marsh";"Near (<5m) road or trail Near (<2m) moving water";"0";"0";"1";"0";"0";"0";"0";"0";"1";"";"";"";"";"";"";"";"";"";"";"";"7";"";"";"";"";"17271240";"3857afae-5fe3-44e9-8ae2-57d7ecc60295";"2018-11-04T21:05:35";"";"38"
"";"OK";"2018-11-04T13:00:00.000-08:00";"UC Natural Reserve";"1";"0";"0";"Carpinteria Salt Marsh Reserve";"";"K0486";"";"";"LC";"0";"0";"1";"S1";"1";"0";"34.399545 -119.535304 -2.5173873901367188 5";"34.399545";"-119.535304";"-2.5173873901367188";"5";"OK";"";"";"Soil";"Frequently submerged or intertidal or marsh";"Below top 3cm soil or sediment";"";"";"";"";"";"";"";"";"";"";"";"";"";"";"";"";"On trail";"0";"1";"0";"0";"0";"0";"0";"0";"0";"";"";"24";"7.5";"Wet";"Hgh+";"";"";"";"";"";"";"image-13_6_59.jpg";"";"";"";"17271300";"ceeda4e2-2cf7-4e57-8945-ea31acfc8363";"2018-11-04T21:10:10";"";"39"
"";"OK";"2018-11-04T13:02:00.000-08:00";"UC Natural Reserve";"1";"0";"0";"Carpinteria Salt Marsh Reserve";"";"K0458";"";"";"LB";"0";"1";"0";"S2";"0";"1";"34.403182 -119.534485 -29 10";"34.403182";"-119.534485";"-29";"10";"OK";"";"";"Sediment";"Frequently submerged or intertidal or marsh";"Top layer (top 3cm) soil or sediment";"Estuary (partially enclosed)";"0";"1";"0";"0";"0";"0";"0";"0";"0";"0";"0";"0";"0";"0";"";"Near (<5m) road or trail";"0";"0";"1";"0";"0";"0";"0";"0";"0";"";"";"";"";"";"";"";"";"";"";"";"7";"1541365607466-1663289648-13_7_0.jpg";"";"";"";"17271371";"5bffff23-dd83-4f01-90bd-70497b89299f";"2018-11-04T21:15:13";"";"40"
"";"OK";"2018-11-04T13:15:00.000-08:00";"UC Natural Reserve";"1";"0";"0";"Carpinteria Salt Marsh Reserve";"";"KO458";"";"";"LA";"1";"0";"0";"S1";"1";"0";"34.403218 -119.534504 -32 10";"34.403218";"-119.534504";"-32";"10";"OK";"";"";"Sediment";"Frequently submerged or intertidal or marsh";"Top layer (top 3cm) soil or sediment";"Estuary (partially enclosed)";"0";"1";"0";"0";"0";"0";"0";"0";"0";"0";"0";"0";"0";"0";"";"Near (<5m) road or trail";"0";"0";"1";"0";"0";"0";"0";"0";"0";"";"";"";"";"";"";"";"";"";"";"";"7";"";"";"";"";"17271424";"16339498-bc3b-44de-accc-2053f724a235";"2018-11-04T21:18:59";"";"41"
"";"OK";"2018-11-04T13:15:00.000-08:00";"UC Natural Reserve";"1";"0";"0";"Carpinteria Salt Marsh Reserve";"";"K0479";"";"";"LB";"0";"1";"0";"S2";"0";"1";"34.403285 -119.532605 1.1979241371154785 165";"34.403285";"-119.532605";"1.1979241371154785";"165";"OK";"";"";"Soil";"Terrestrial habitat, not submerged";"Top layer (top 3cm) soil or sediment";"Slope/slant";"0";"0";"0";"0";"0";"1";"0";"0";"0";"0";"0";"0";"0";"0";"";"Near (<5m) road or trail Near (<2m) stagnant water";"0";"0";"1";"0";"0";"0";"0";"1";"0";"";"";"25";"Lo";"Dry";"Nor+";"";"";"";"";"";"";"image-13_10_8.jpg";"Ananta Wadhwa, Claire Villegas, Jaden King, Alicia Gibbons, Guadalupe Munoz";"";"";"17271442";"3bde8400-563e-44dd-9274-d620c8fd8c77";"2018-11-04T21:20:04";"";"42"
"";"OK";"2018-11-04T13:30:00.000-08:00";"UC Natural Reserve";"1";"0";"0";"Carpinteria Salt Marsh Reserve";"";"K0485LAS1";"";"";"LA";"1";"0";"0";"S1";"1";"0";"34.402005 -119.53394 -28 23";"34.402005";"-119.53394";"-28";"23";"OK";"";"";"Sediment";"Fully submerged ";"Submerged 3-30cm ";"Other";"0";"0";"0";"0";"0";"0";"0";"0";"0";"0";"0";"0";"0";"1";"Salt Marsh channel";"Near (<5m) road or trail";"0";"0";"1";"0";"0";"0";"0";"0";"0";"";"";"";"";"";"";"";"";"";"";"";"";"1541366466728649756731-13_21_27.jpg";"There's a pipe nearby";"";"";"17271463";"202596bb-d9cc-4a6c-af66-b1d60a8779cb";"2018-11-04T21:22:04";"";"43"
"";"OK";"2018-11-04T14:00:00.000-08:00";"UC Natural Reserve";"1";"0";"0";"Carpinteria Salt Marsh Reserve";"";"KO492";"";"";"LB";"0";"1";"0";"S1";"1";"0";"34.398384 -119.535465 -16.15606689453125 5";"34.398384";"-119.535465";"-16.15606689453125";"5";"OK";"";"";"Sediment";"Frequently submerged or intertidal or marsh";"Below top 3cm soil or sediment";"";"";"";"";"";"";"";"";"";"";"";"";"";"";"";"";"On trail";"0";"1";"0";"0";"0";"0";"0";"0";"0";"";"";"";"";"";"";"";"24";"";"";"";"6";"image-14_2_7.jpg";"";"";"";"17271751";"bc8b8ac5-b78d-415c-bbde-7e7005be3e34";"2018-11-04T22:02:46";"";"44"
"";"OK";"2018-11-04T14:00:00.000-08:00";"UC Natural Reserve";"1";"0";"0";"Carpinteria Salt Marsh Reserve";"";"KO492";"";"";"LB";"0";"1";"0";"S1";"1";"0";"34.398392 -119.535484 -9.8634033203125 5";"34.398392";"-119.535484";"-9.8634033203125";"5";"OK";"";"";"Sediment";"Fully submerged ";"Below top 3cm soil or sediment";"";"";"";"";"";"";"";"";"";"";"";"";"";"";"";"";"On trail";"0";"1";"0";"0";"0";"0";"0";"0";"0";"";"";"";"";"";"";"";"24";"";"";"";"6";"image-13_58_35.jpg";"";"";"";"17271749";"bc53fb9d-0df0-462d-bcd9-d4b73d372080";"2018-11-04T22:00:59";"";"45"
"";"OK";"2018-11-04T13:30:00.000-08:00";"UC Natural Reserve";"1";"0";"0";"Carpinteria Salt Marsh Reserve";"";"K0485LCS2";"";"";"LC";"0";"0";"1";"S2";"0";"1";"34.401946 -119.533938 -25 3.4769999980926514";"34.401946";"-119.533938";"-25";"3.4769999980926514";"OK";"";"";"Sediment";"Fully submerged ";"Top layer (top 3cm) soil or sediment";"Other";"0";"0";"0";"0";"0";"0";"0";"0";"0";"0";"0";"0";"0";"1";"Salt Marsh Channel";"Near (<5m) road or trail";"0";"0";"1";"0";"0";"0";"0";"0";"0";"";"";"";"";"";"";"";"";"";"";"";"6";"1541367267208649756731-13_35_35.jpg";"";"";"";"17271544";"0caa6c49-e9c6-476f-8134-e0cedbf7535b";"2018-11-04T21:36:51";"";"46"
"";"OK";"2018-11-04T13:30:00.000-08:00";"UC Natural Reserve";"1";"0";"0";"Carpinteria Salt Marsh Reserve";"";"KO492";"";"";"LA";"1";"0";"0";"S2";"0";"1";"34.399486 -119.535064 -13.716400146484375 5";"34.399486";"-119.535064";"-13.716400146484375";"5";"OK";"";"";"Sediment";"Frequently submerged or intertidal or marsh";"Submerged 3-30cm ";"";"";"";"";"";"";"";"";"";"";"";"";"";"";"";"";"On trail";"0";"1";"0";"0";"0";"0";"0";"0";"0";"";"";"";"";"";"";"";"24";"";"";"";"7";"image-13_29_0.jpg";"lots of lots of dead crabs";"";"";"17271519";"419c1c12-7b58-4a08-905d-4c0befb8bd70";"2018-11-04T21:34:09";"";"47"
"";"OK";"";"UC Natural Reserve";"1";"0";"0";"Carpinteria Salt Marsh Reserve";"";"K0495";"";"";"LC";"0";"0";"1";"S2";"0";"1";"34.396919 -119.537404 -36 8";"34.396919";"-119.537404";"-36";"8";"OK";"";"";"Sediment";"Frequently submerged or intertidal or marsh";"Top layer (top 3cm) soil or sediment";"Other";"0";"0";"0";"0";"0";"0";"0";"0";"0";"0";"0";"0";"0";"1";"Mouth of a marsh";"Near (<5m) road or trail";"0";"0";"1";"0";"0";"0";"0";"0";"0";"";"";"";"";"";"";"";"";"";"";"";"";"1541370734113649756731-14_32_43.jpg";"";"";"";"17272053";"a7f40917-2444-4bf2-a8cf-3333b1f59b2f";"2018-11-04T22:35:02";"";"48"
"";"";"2018-11-04T13:21:00.000-08:00";"UC Natural Reserve";"1";"0";"0";"Carpinteria Salt Marsh Reserve";"";"K0499";"";"";"LC";"0";"0";"1";"S2";"0";"1";"34.398902 -119.536283 -0.9156029226514732 5";"34.398902";"-119.536283";"-0.9156029226514732";"5";"OK";"";"";"Sediment";"Fully submerged ";"Top layer (top 3cm) soil or sediment";"Enclosed water";"1";"0";"0";"0";"0";"0";"0";"0";"0";"0";"0";"0";"0";"0";"";"Near (<2m) stagnant water";"0";"0";"0";"0";"0";"0";"0";"1";"0";"";"";"";"";"";"";"";"26";"";"";"";"5";"image-13_22_12.jpg";"Jaden King, Alicia Gibbons, Guadalupe Muñoz, Claire Villegas, Ananta Wadhwa";"";"";"18817815";"384d647d-ebe0-4f87-98ce-e065dc1ab55d";"2018-12-03T06:03:00";"";"49"
"";"OK";"2018-11-04T13:04:00.000-08:00";"UC Natural Reserve";"1";"0";"0";"Carpinteria Salt Marsh Reserve";"";"K0499";"";"";"LA";"1";"0";"0";"S2";"0";"1";"34.405778 -119.536964 0.24539732933044434 65";"34.405778";"-119.536964";"0.24539732933044434";"65";"OK";"";"";"Sediment";"Frequently submerged or intertidal or marsh";"Top layer (top 3cm) soil or sediment";"Enclosed water";"1";"0";"0";"0";"0";"0";"0";"0";"0";"0";"0";"0";"0";"0";"";"Near (<2m) stagnant water";"0";"0";"0";"0";"0";"0";"0";"1";"0";"";"";"";"";"";"";"";"26";"";"";"";"7";"image-13_9_16.jpg";"Jaden King, Alicia Gibbons, Guadalupe Muñoz, Claire Villegas, Ananta Wadhwa";"";"";"18817814";"16003af5-4a1f-438a-b094-581c3da0261e";"2018-12-03T06:02:58";"";"50"
"";"OK";"2018-11-12T13:00:00.000-08:00";"UC Natural Reserve";"1";"0";"0";"James San Jacinto Mountains Reserve";"";"k0494";"";"";"LC";"0";"0";"1";"S2";"0";"1";"34.067533 -117.235673 343.05535888671875 65";"34.067533";"-117.235673";"343.05535888671875";"65";"OK";"";"";"Soil";"";"Below top 3cm soil or sediment";"Rocky shore";"0";"0";"0";"0";"0";"0";"0";"0";"0";"0";"1";"0";"0";"0";"";"On trail";"0";"1";"0";"0";"0";"0";"0";"0";"0";"";"";"12";"8";"Dry";"Nor";"";"";"";"";"";"";"";"";"";"";"17702348";"ca333d89-bfdd-4f16-9bac-3dd84b4c8535";"2018-11-12T23:49:15";"";"51"
"";"OK";"2018-11-12T02:30:00.000-08:00";"UC Natural Reserve Coachella Valley MSHCP site";"1";"0";"1";"James San Jacinto Mountains Reserve";"";"K0485";"";"";"LB";"0";"1";"0";"S2";"0";"1";"33.809058 -116.776174 1633 5";"33.809058";"-116.776174";"1633";"5";"OK";"";"";"Sediment";"Fully submerged ";"Below top 3cm soil or sediment";"Enclosed water";"1";"0";"0";"0";"0";"0";"0";"0";"0";"0";"0";"0";"0";"0";"";"Near (<5m) road or trail";"0";"0";"1";"0";"0";"0";"0";"0";"0";"";"";"";"";"";"";"";"19";"";"";"";"7";"";"Charlotte Cosca, Ruben Bergtraun, Loren Man, Jordan Yanowitz, Karsyn Garrison, Jessie Ozuna";"";"";"17702989";"9288fafa-6505-480c-a7b3-2344efd6bf48";"2018-11-13T00:22:31";"";"52"
"";"OK";"2018-11-12T02:30:00.000-08:00";"UC Natural Reserve";"1";"0";"0";"James San Jacinto Mountains Reserve";"";"K0485";"";"";"LB";"0";"1";"0";"S2";"0";"1";"33.60355 -116.44115 110 5";"33.60355";"-116.44115";"110";"5";"OK";"";"";"Sediment";"Fully submerged ";"Submerged 2m-10m";"Enclosed water";"1";"0";"0";"0";"0";"0";"0";"0";"0";"0";"0";"0";"0";"0";"";"Near (<5m) road or trail";"0";"0";"1";"0";"0";"0";"0";"0";"0";"";"";"";"";"";"";"";"19";"";"";"";"7";"";"Charlotte Cosca, Karsyn Garrison, Jessie Ozuna, Jordan Yanowitz, Ruben Bergtraum, Loren Man";"";"";"17703051";"5c6e77b5-0056-411a-b6a4-04f7cb3c339d";"2018-11-13T00:30:57";"";"53"
"";"OK";"";"UC Natural Reserve";"1";"0";"0";"James San Jacinto Mountains Reserve";"";"K0486";"";"";"LA";"1";"0";"0";"S2";"0";"1";"33.80286 -116.77253 1838.216552734375 3.806999921798706";"33.80286";"-116.77253";"1838.216552734375";"3.806999921798706";"OK";"";"";"Soil";"Terrestrial habitat, not submerged";"Top layer (top 3cm) soil or sediment";"Slope/slant";"0";"0";"0";"0";"0";"1";"0";"0";"0";"0";"0";"0";"0";"0";"";"Near (<5m) road or trail";"0";"0";"1";"0";"0";"0";"0";"0";"0";"";"";"";"7.5";"Dry";"Hgh";"";"";"";"";"";"";"1542057433685623371949848279455-13_17_39.jpg";"Mahliya Purificacion, Amy Stone, Juan Miguel Malana";"";"";"17703378";"a57b9b76-b247-422d-b537-6bfb587250bd";"2018-11-13T01:10:25";"";"54"
"";"OK";"2018-11-12T14:15:00.000-08:00";"UC Natural Reserve";"1";"0";"0";"James San Jacinto Mountains Reserve";"";"K0481";"";"";"LA";"1";"0";"0";"S2";"0";"1";"33.809167 -116.774749 1639.292079925537 30";"33.809167";"-116.774749";"1639.292079925537";"30";"OK";"";"";"Soil";"Terrestrial habitat, not submerged";"Top layer (top 3cm) soil or sediment";"Flat land/terrace";"0";"0";"0";"0";"0";"0";"0";"0";"0";"1";"0";"0";"0";"0";"";"Near (<5m) buildings";"0";"0";"0";"1";"0";"0";"0";"0";"0";"";"";"14";"8";"Dry";"Low+";"";"";"";"";"";"";"image-14_16_48.jpg";"Right under the bird feeder a lot of seeds. A lot of leaves.";"";"";"17705802";"5267460c-a0a2-47aa-b797-9536bf87c4fd";"2018-11-13T04:13:14";"";"55"
"";"OK";"2018-11-28T16:55:00.000-08:00";"Somewhere else";"0";"1";"0";"";"";"K0497";"";"";"LC";"0";"0";"1";"S2";"0";"1";"34.131195 -118.408439 291.0940856933594 2000";"34.131195";"-118.408439";"291.0940856933594";"2000";"OK";"";"";"Soil";"Terrestrial habitat, not submerged";"Top layer (top 3cm) soil or sediment";"Slope/slant";"0";"0";"0";"0";"0";"1";"0";"0";"0";"0";"0";"0";"0";"0";"";"Near (<5m) road or trail";"0";"0";"1";"0";"0";"0";"0";"0";"0";"";"";"";"";"Dry";"";"";"";"";"";"";"";"";"Supna, Ryan, Gina";"";"";"18619893";"4f442a18-c310-4f96-a2fb-5d76d028efb8";"2018-11-29T00:57:24";"";"56"
"";"";"2018-11-28T16:40:00.000-08:00";"UC Natural Reserve Somewhere else";"1";"1";"0";"";"";"K0497";"";"";"LA";"1";"0";"0";"S1";"1";"0";"34.126329 -118.408001 274.85906982421875 1608.7222558585413";"34.126329";"-118.408001";"274.85906982421875";"1608.7222558585413";"OK";"";"";"Soil";"Terrestrial habitat, not submerged";"Top layer (top 3cm) soil or sediment";"Slope/slant";"0";"0";"0";"0";"0";"1";"0";"0";"0";"0";"0";"0";"0";"0";"";"Near (<5m) road or trail";"0";"0";"1";"0";"0";"0";"0";"0";"0";"";"";"";"";"";"";"";"";"";"";"";"";"";"Supna, Gina, Ryan";"";"";"18619676";"f41912e9-94fe-4d13-bd51-97f5a8d5f3e6";"2018-11-29T00:48:07";"";"57"
"";"OK";"2018-11-28T16:45:00.000-08:00";"Somewhere else";"0";"1";"0";"";"";"K0491";"";"";"LA";"1";"0";"0";"S1";"1";"0";"34.125832 -118.406805 317.6158032531738 12";"34.125832";"-118.406805";"317.6158032531738";"12";"OK";"";"";"Soil";"Terrestrial habitat, not submerged";"Top layer (top 3cm) soil or sediment";"Elevated ridge";"0";"0";"0";"0";"1";"0";"0";"0";"0";"0";"0";"0";"0";"0";"";"Near (<5m) road or trail";"0";"0";"1";"0";"0";"0";"0";"0";"0";"";"";"17";"7";"Dry";"Low+";"";"";"";"";"";"";"A8AF0187-1C72-4E64-8676-430A7503CA5D-16_44_54.jpeg";"";"";"";"18619672";"e73b16cc-2cb5-4ddb-8069-c942508e175d";"2018-11-29T00:47:38";"";"58"
"";"OK";"2018-11-28T16:45:00.000-08:00";"Somewhere else";"0";"1";"0";"";"";"K0484";"";"";"LA";"1";"0";"0";"S1";"1";"0";"34.126129 -118.406926 275 14";"34.126129";"-118.406926";"275";"14";"OK";"";"";"Soil";"Terrestrial habitat, not submerged";"Top layer (top 3cm) soil or sediment";"Slope/slant";"0";"0";"0";"0";"0";"1";"0";"0";"0";"0";"0";"0";"0";"0";"";"Near (<5m) road or trail";"0";"0";"1";"0";"0";"0";"0";"0";"0";"";"";"";"7";"Dry";"Low";"";"";"";"";"";"";"1543451872870-141102189-16_38_1.jpg";"";"";"";"18619628";"51791f8e-7ed4-4905-a059-80350302b9c4";"2018-11-29T00:41:25";"";"59"
"";"OK";"2018-11-28T04:45:00.000-08:00";"Somewhere else";"0";"1";"0";"";"";"K0489";"";"";"LC";"0";"0";"1";"S2";"0";"1";"34.126313 -118.407145 323.0760803222656 65";"34.126313";"-118.407145";"323.0760803222656";"65";"OK";"";"";"Soil";"Terrestrial habitat, not submerged";"Top layer (top 3cm) soil or sediment";"";"";"";"";"";"";"";"";"";"";"";"";"";"";"";"";"Near (<5m) road or trail";"0";"0";"1";"0";"0";"0";"0";"0";"0";"";"";"16";"7.5";"Dry";"Low";"";"";"";"";"";"";"C01DA136-1571-4AD6-A8BD-31D4EBB657A0-16_49_4.jpeg";"There’re holes around, which may be made by pocket gopher";"";"";"18619717";"705e4550-1ef3-4748-9005-9e223c505a85";"2018-11-29T00:50:52";"";"60"
"";"OK";"2018-11-28T17:00:00.000-08:00";"Somewhere else";"0";"1";"0";"";"";"K0312";"";"";"LC";"0";"0";"1";"S1";"1";"0";"34.125572 -118.407033 272.708251953125 4.288000106811523";"34.125572";"-118.407033";"272.708251953125";"4.288000106811523";"OK";"";"";"Soil";"Terrestrial habitat, not submerged";"Top layer (top 3cm) soil or sediment";"Slope/slant Rock mound Pit or ravine";"0";"0";"0";"0";"0";"1";"0";"1";"1";"0";"0";"0";"0";"0";"";"On trail";"0";"1";"0";"0";"0";"0";"0";"0";"0";"";"";"20";"6";"Dry";"Low";"";"";"";"";"";"";"20181128_1638259136069577602495400-16_47_10.jpeg";"";"";"";"18619743";"1bd129f1-7377-484f-85ce-f5c3b90e12fd";"2018-11-29T00:51:29";"";"61"
"";"OK";"2018-11-28T16:45:00.000-08:00";"Somewhere else";"0";"1";"0";"";"";"K0496";"";"";"LA";"1";"0";"0";"S2";"0";"1";"34.125955 -118.406892 289 12";"34.125955";"-118.406892";"289";"12";"OK";"";"";"Soil";"Terrestrial habitat, not submerged";"Top layer (top 3cm) soil or sediment";"Slope/slant";"0";"0";"0";"0";"0";"1";"0";"0";"0";"0";"0";"0";"0";"0";"";"Near (<5m) road or trail";"0";"0";"1";"0";"0";"0";"0";"0";"0";"";"";"";"8";"Dry+";"Low-";"";"";"";"";"";"";"1543452453729-141102189-16_47_57.jpg";"";"";"";"18619791";"527b8b6d-f8b9-4375-9db8-389ab327bfd1";"2018-11-29T00:53:09";"";"62"
"";"OK";"2018-11-28T17:00:00.000-08:00";"Somewhere else";"0";"1";"0";"";"";"K0493";"";"";"LB";"0";"1";"0";"S1";"1";"0";"34.125535 -118.407143 288.7943115234375 6.13700008392334";"34.125535";"-118.407143";"288.7943115234375";"6.13700008392334";"OK";"";"";"Soil";"Terrestrial habitat, not submerged";"Top layer (top 3cm) soil or sediment";"Slope/slant Rock mound";"0";"0";"0";"0";"0";"1";"0";"1";"0";"0";"0";"0";"0";"0";"";"Near (<5m) road or trail";"0";"0";"1";"0";"0";"0";"0";"0";"0";"";"";"16";"6.5";"Nor";"Low";"";"";"";"";"";"";"20181128_1657216917931025575324991-17_3_14.jpeg";"";"";"";"18772923";"635032a3-d71a-4f73-aa56-d197dffd902c";"2018-12-01T18:10:16";"";"63"
